id;surname;given_name;date_of_birth;gender;postal_code;city;street_address;company_id
1;EXE projection Fresh;support Gorgeous;2019-11-12;FEMALE;Games;Kadenbury;magenta Concrete;1
2;User-centric Gloves;Mauritania;2019-11-12;FEMALE;Quality-focused;New Elise;zero tolerance;2
3;mission-critical;Berkshire Small Plastic Pants Investor;2019-11-12;UNKNOWN;Bulgarian Lev navigate;East Monroefort;Point Orchestrator;3
4;Solomon Islands Licensed;Gloves Bedfordshire Argentine Peso;2019-11-12;FEMALE;open-source turn-key;East Tristinchester;synthesize Creative;4
5;Forint;Concrete Global SMS;2019-11-12;FEMALE;Macao Equatorial Guinea Vision-oriented;Port Spencermouth;THX pink even-keeled;5
6;bus Internal AI;THX bypassing Marketing;2019-11-12;FEMALE;Supervisor clear-thinking;South Jean;Ports Manager Fish;6
7;Networked;Fish;2019-11-12;UNKNOWN;Benin Berkshire;Dimitriberg;Wisconsin;7
8;target Human withdrawal;dot-com payment Libyan Dinar;2019-11-12;MALE;Alaska;Nolantown;Representative;8
9;Response Human;back up Factors;2019-11-12;FEMALE;Incredible functionalities fuchsia;West Jazmyne;mesh;9
10;Configuration UIC-Franc;Ergonomic Concrete Soap Zambian Kwacha;2019-11-12;UNKNOWN;portal calculating Metal;Floymouth;protocol;10
